<?xml version="1.0" encoding="utf-8"?>
<!DOCTYPE install SYSTEM "http://dev.joomla.org/xml/1.5/component-install.dtd">
<install type="plugin" group="system" method="upgrade" version="1.5.0">
	<name>System - pwframework</name>
	<!-- The following elements are optional and free of formatting conttraints -->
	<creationDate>November 2010</creationDate>
	<author>Alex Jonk</author>
	<authorEmail>alex.jonk@pageworks.nl</authorEmail>
	<authorUrl>http://www.pageworks.nl</authorUrl>
	<copyright>Copyright , pageworks</copyright>
	<license>GNU/GPL v3</license>
	<!--  The version string is recorded in the components table -->
	<version>1.8.2</version>
	<!-- The description is optional and defaults to the name -->
	<description>!!!!    D O  N O T  F O R G E T   T O   E N AB L E   T H E   P L U G I N    !!!!!! For more information about the pwframework, see wiki.pageworks.nl</description>
	

	
	<!-- Site Main File Copy Section -->
	<files>
		<filename plugin="pwframework" >pwframework.php</filename>
		<folder>PWFramework</folder>		
	</files>	
	<params>
		<param name="jquery" type="radio" default="1" label="Enable JQuery" description="If yes the jQuery library is loaded (NoConflict mode)">
			<option value="0">No</option>
			<option value="1">Yes</option>
		</param>
		
		<param name="google_maps" type="radio" default="1" label="Load google maps library" description="If yes the google maps support library is loaded">
			<option value="0">No</option>
			<option value="1">Yes</option>
		</param>
		
		<param name="common" type="radio" default="1" label="Load google maps library" description="If yes(recommended) a library is loaded that adds common functionality">
			<option value="0">No</option>
			<option value="1">Yes</option>
		</param>
		
		<param name="php4" type="radio" default="0" label="Load PHP4 support library" description="If yes a library is loaded that adds missing php4 functionality">
			<option value="0">No</option>
			<option value="1">Yes</option>
		</param>
		
		<param name="standard_stylesheet" type="radio" default="1" label="Load standard stylesheet" description="If yes a standard supporting stylesheet is loaded">
			<option value="0">No</option>
			<option value="1">Yes</option>
		</param>
		
	</params>
</install>